<?xml version="1.0" encoding="UTF-8"?>
<ti:module xmlns:ti="http://ti.appcelerator.org" xmlns:android="http://schemas.android.com/apk/res/android">
	<android xmlns:android="http://schemas.android.com/apk/res/android">
		<manifest package="ti.goosh" android:versionCode="1" android:versionName="1.0" android:installLocation="internalOnly">
			<application>

				<meta-data android:name="com.google.android.gms.version" android:value="@integer/google_play_services_version" />
				<meta-data
				    android:name="com.google.firebase.messaging.default_notification_color"
				    android:resource="@color/colorAccent" />
				
				<!-- [START gcm_listener] -->
				<service
					android:name="ti.goosh.FcmMessagingService">
					<intent-filter>
						<action android:name="com.google.firebase.MESSAGING_EVENT" />
					</intent-filter>
				</service>
				<!-- [END gcm_listener] -->

				<service
				    android:name="ti.goosh.FcmListenerService">
				    <intent-filter>
				        <action android:name="com.google.firebase.INSTANCE_ID_EVENT" />
				    </intent-filter>
				</service>

				<service android:name="ti.goosh.FcmJobService"
		                 android:exported="false">
		            <intent-filter>
		                <action android:name="com.firebase.jobdispatcher.ACTION_EXECUTE"/>
		            </intent-filter>
		        </service>
	
				<!-- <activity
					android:name="ti.goosh.PushHandlerActivity"
					android:exported="true">
				</activity> -->

			</application>

		</manifest>
	</android>
</ti:module>
